file,mono_lufs_before,mono_lufs_after,stereo_true_peak_db_before,stereo_true_peak_db_after,gain_db,limiter_ceiling_db,sha256_after
"Alert_ping,_two-tone.mp3",-38.90,-20.14,-12.54,-2.78,21.085,-3.0,41ea7905ff93e0fb81b1750f0af31d5e3eb952f11e715df85a152286806445b0
Attention-getting_polite.mp3,-29.19,-19.99,-20.48,-11.30,9.19,-3.0,d0ad50e3ad51663226c787ce3024cba33a0b3ebe4ac03ace35b8359648c2d38f
Confirmation_blip.mp3,-18.45,-19.97,-2.93,-4.35,-1.55,-3.0,2013fc4986e8bdc11b50e208d2f2689f405b7a10f99f623cc9970a3be137311d
Droid_Affectionate.mp3,-19.15,-19.98,-3.87,-4.72,-0.85,-3.0,d49aa55ec9581995c5ec460142e7e5cc707851268b267030e111724be1a93070
Droid_Annoyedgrumpy.mp3,-13.94,-20.01,-0.22,-6.25,-6.06,-3.0,6762d9f61970e692bfbfd854638bf286a5e39aa62e9ce778db9306d7d91de24f
Droid_Confused_wobbly.mp3,-16.05,-20.00,-0.31,-4.12,-3.95,-3.0,f10e9471c2a9d4ef98db4bcc793983297024e90eed40093a6fc3546dd5de53d9
Droid_Curious.mp3,-18.43,-20.10,-0.57,-2.95,-1.57,-3.0,056803c471c0e6d4c901d95a5a0e5c9c68a681585c8f904f91af2c8a8470c99b
Droid_Disappointed.mp3,-19.22,-20.00,-4.12,-4.89,-0.78,-3.0,203b37e479d523b418cd72c5345c852e6ff69755d7bfb20540a7162b1f8a683d
Droid_Embarrassed.mp3,-16.71,-20.01,-1.49,-4.77,-3.29,-3.0,42997501a37932a82173db22679da1e38ff7a54561fad027304424e4b0c9abb4
Droid_Goodbye_gentle.mp3,-14.61,-19.98,-4.88,-10.28,-5.39,-3.0,2bc682445951572b1a724bb186ebe5b3307dc2eb5b4a5d240b0eaf98ee53b7b6
Droid_Greeting_whiste.mp3,-12.70,-19.99,0.35,-6.99,-7.3,-3.0,179d4752a7ae9130921a240e5c43c06578909bc89de1ff28690401cde6237047
Droid_Happy_bouncy.mp3,-17.55,-19.98,-2.00,-4.47,-2.45,-3.0,5c64c26a870ff1576eb6953a8f743ec38a697f5d4fb407f94d2f4b21119b9e21
Droid_Laughing_rapid_1.mp3,-22.03,-20.01,-6.95,-5.05,2.03,-3.0,e77a46f2959e176162d75dbc9a65fa8bd252d1636bbbb2a4e8a6c17e544b1a37
Droid_Laughing_rapid_2.mp3,-19.79,-19.98,-6.31,-6.49,-0.21,-3.0,10453ba99af5ecdc954391e848ba4fe803abe81d57757af5feed9779f004486a
Droid_Mischievous.mp3,-18.71,-19.95,-3.12,-4.46,-1.29,-3.0,b0463d87cd79c300bfa567d9eeaf885225678a53853f7b3963be95a82e1873eb
Droid_Proudtriumphant.mp3,-15.14,-19.98,0.38,-4.35,-4.86,-3.0,e7f8e4ff3038e8d70b76251b8d4ba38bdaea0b6d0ed615fc1a45b45b4ecfa0e4
Droid_Sad_slow_descent.mp3,-17.04,-19.96,-0.27,-3.27,-2.96,-3.0,d9203454220b92546b3c94834d21856dd367dd7dbf2d02ab7427812759a2244d
Droid_Sassy_smug.mp3,-12.02,-19.98,-0.10,-8.04,-7.98,-3.0,110ca753c7bdac1406c56bfa4801def75056d58c7e38b0176c23cc21191a9195
Droid_Scared_startled.mp3,-11.58,-20.00,1.19,-7.22,-8.42,-3.0,4a7ef7b1edd496332c15fce925fb86059f39a4d72b98e27771ff2d4c452322b0
Droid_Surprised.mp3,-11.77,-20.06,-0.19,-8.36,-8.23,-3.0,96aeb9a9b4bb9d7925f693ef8a1f50a0f448ce021a422515eb7737800c09e273
Dual-tone_motor_whir.mp3,-12.64,-19.98,-0.17,-7.53,-7.36,-3.0,eaf75d5b9522d5c97ac349dc4d363b1cf8877ed3d937aea6bc1786b98f80909e
"Error_buzz,_short.mp3",-12.52,-20.02,-1.18,-8.58,-7.48,-3.0,bdd9ac342b8747f0fc7a18f02704bd02c7dbeea3f33cf6c1c96e4add7df08302
Low_motorized_hum_1.mp3,-17.90,-20.01,-1.10,-3.22,-2.1,-3.0,cb6e04adedb9b656522e7a87eb7ef5f2a8e172aee6b677aec51ee0dd1252b4ec
Low_motorized_hum_2.mp3,-14.79,-20.00,-2.85,-8.07,-5.21,-3.0,5b9b6629e4340a7cc8b982d3c9488320342a8bc633939d896be466c401aa435c
Pneumatic_hiss.mp3,-25.54,-20.17,-5.57,-2.27,5.73,-3.0,359cdac0cb4ffb3ca569756bfa50b48ce1708acfc0fd415b9de0e54cb643e269
Power-down_descending.mp3,-17.07,-19.98,-2.78,-5.71,-2.93,-3.0,dc18fe7ebcd77d42c5eb616371a6059d290b899ff7b14ee9e6bad57c0a87326d
Quick_ratchet-tick.mp3,-24.93,-20.73,-3.25,-2.73,13.975,-3.0,77f559a6de793b86262afa376db1f8ef7f269d1085f574a5d159adbf231a0233
Rapid_tiny_servo_chatter.mp3,-24.39,-20.24,-3.71,-2.79,4.865,-3.0,7bb24c23609c48fcb486ca45576dd7b2f38ae01f8db5f5a58a7c28c7f1bdb394
Robot_Sleepy_slow_yawn.mp3,-13.12,-20.02,-0.59,-7.46,-6.88,-3.0,a2029c3f01afb7f7241fbe0fec3d6a96a059e42fcbbfbfdc4054470873f87330
"Scanning_sweep,_slow.mp3",-16.12,-20.02,0.37,-3.63,-3.88,-3.0,07efc81d1dbdd938885a071b2c4b66fed49473f11737f8471ae97a9e9f6d27bc
Short_hydraulic.mp3,-23.49,-19.91,-12.30,-8.63,3.49,-3.0,8c6fda098c9315dede632ca48ce3f0e38b2e0da63b3034364a5b22685375a9a1
Slow_heavy_servo_grind.mp3,-15.35,-19.99,0.52,-4.07,-4.65,-3.0,ff6cba8f7e8cade803fe3b30ad1559392f62a976bcd3530f29b8086c2246908e
Smooth_gimbal_glide.mp3,-19.64,-20.02,-5.62,-6.00,-0.36,-3.0,b5444ab3588ef0d492aa2359d484fd4404ab18737b5c9430c3a3258253fa62ca
Soft_idle_robot_breathing.mp3,-23.64,-19.99,-3.10,-3.05,3.64,-3.0,2186f0ca1bbe88d5844614548fba57df755de867cbf269145499b3bb120eef20
Soft_robotic_servo.mp3,-29.91,-20.05,-16.48,-7.01,9.91,-3.0,ed4e9ad011ef2c7ed9ffb5c7b322aefd1f739fd08bdb81329067e0ece55b6813
Warm_boot-up_chime_2.mp3,-28.82,-20.02,-13.13,-4.31,8.82,-3.0,2fe863d825d1f83bac57c16e97a3cb2f52c52861ba96c20c699352a4c29e91af
Wheel_drive_spin-up.mp3,-43.63,-20.00,-29.23,-5.58,23.63,-3.0,f6cb79059612851cc889491ffe3df501071977fc53c25188ed56db4c0dde2b4f
angry_robot.mp3,-16.00,-20.00,0.59,-3.31,-4.0,-3.0,4b24e600c92525d5919ab14ff9bc41522c990780dfaed2112db9654fadb9593a
arrived.mp3,-29.94,-20.08,-10.45,-3.00,9.94,-3.0,d44db7ea291f3e1e20c035c0ba1537a11aaa181270c78bcfff6f8630155b4a4c
droid_Face_recognize.mp3,-17.82,-20.01,-3.81,-5.95,-2.18,-3.0,67531424bcb647ad275072697fe6a4ba144192fb39b43b22175f54d099d4c4fc
droid_Music-reaction.mp3,-30.33,-20.07,-10.30,-2.97,10.33,-3.0,a565e8e7008b56bbdc26d4b8e2f4f47feb894b22d6221f4595d8e3e050aaa479
droid_Song_recognize.mp3,-9.46,-19.98,0.03,-10.50,-10.54,-3.0,4a578ff5380cb6a1c4ab2fa882695295ef45cf932f86f63f4236074d34d2f6cd
droid_gaining_electric.mp3,-14.57,-19.95,0.53,-5.21,-5.43,-3.0,50a74597ae273f4a0e13ddf3d1dcde98047399ebe36b58131158fc48acda75bd
droid_hum_downmotion.mp3,-36.83,-20.03,-19.91,-3.08,16.83,-3.0,7c4d97046f7106e9f7301ffbf7df014c5e14fff985aac651bb3703723c1a886e
droid_hum_upmotion1.mp3,-33.96,-20.00,-20.97,-7.01,13.96,-3.0,489ca22b7d4f3c82a8027b18f32a32318dd8e144d762134959a223444f84e92a
droid_hum_upmotion2.mp3,-33.93,-19.94,-19.07,-5.15,13.93,-3.0,d32581d5194dc808b93de24b0f2bd01162e2d6b09c86fa28f8fe5c7562f83387
droid_losing_electric.mp3,-17.72,-19.95,-2.29,-4.62,-2.28,-3.0,085d80ee31891b71262eee54ce95944302e95114a55326e4bd44d57b3feee84b
excitement/Star_Wars_droid_exci_#2-1785906234298.mp3,-24.80,-20.18,-1.76,-3.00,5.21,-3.0,487eb053206bd91c35ab50f25c51ee89589c588201106a8653df6bb2340b1f5b
excitement/Star_Wars_droid_exci_#2-1785906301500.mp3,-21.03,-19.98,-8.41,-7.00,1.03,-3.0,7c07f478cdbd13174c0372ddc2993bbd57bae9cb40cf7f04ef4f25335e2f8df4
excitement/Star_Wars_droid_exci_#2-1785906355645.mp3,-15.57,-20.03,-1.22,-5.84,-4.43,-3.0,ae9c6896678982ca832f5e79d1a8c28457753783243c891e1ada3d78250bcdd2
excitement/Star_Wars_droid_exci_#4-1785906368269.mp3,-19.56,-20.23,-1.07,-2.83,-0.44,-3.0,ce2fab45f79c028b4c9f2df9f1a59275df34481d7ab6a2cefd703a58e549ad2f
motion_turning.mp3,-28.73,-20.11,-7.81,-2.97,8.73,-3.0,087403183185040d3d6c96a209872c2f156e900a2f49bf910fc5eaf07441cddd
motion_whir.mp3,-21.99,-20.20,-1.31,-3.00,2.845,-3.0,4eaf02edc26a5e374ae4995f97c5644e75423935d4cce6fb17a422ce830dd4ee
slow_down.mp3,-21.11,-20.01,-8.14,-7.03,1.11,-3.0,a7100c9ce1bc455c0c9f657cde6cbd52efc9f053375ef78bfe47b414c8691267
thinking/Star_Wars_droid_pond_#1-1785906465214.mp3,-18.90,-20.00,-4.84,-5.99,-1.1,-3.0,f8d60e9e97fefc8deefdcd7fd98fdf60c9ac03210817f75ef52c2cc914b3e954
thinking/Star_Wars_droid_pond_#3-1785906440294.mp3,-16.21,-20.00,-1.75,-5.54,-3.79,-3.0,01ce475f52c0c9f729a36da69333e3c3c51d5538ab28c5766e1000cb5afc1e29
thinking/Star_Wars_droid_pond_#4-1785906433977.mp3,-23.98,-20.00,-7.10,-3.13,3.98,-3.0,52c389881bd8cd3bc780dd6c51b812978fc48f67144824e90a9cefe4b76967ba
thinking/Star_Wars_droid_pond_#4-1785906454640.mp3,-15.61,-19.98,-1.02,-5.40,-4.39,-3.0,e8263df4aa33fecdbe8699a9ed8051ff56478107fb315f6bd18ff19e8e0930ef
thinking/Star_Wars_droid_pond_#4-1785906486406.mp3,-17.98,-20.03,-3.63,-5.64,-2.02,-3.0,807e9d91ec194100b311d00cd7707ff73f996a5c8c7916ee4d8b1d75fa5e55f6
thinking/Star_Wars_droid_thin_#1-1785906138186.mp3,-32.94,-20.18,-12.66,-2.96,13.11,-3.0,3614ee199e3878a0e71cfa38945708731039a7f527aeb97995259b0e5cb58069
thinking/Star_Wars_droid_thin_#1-1785906186336.mp3,-33.75,-20.09,-15.51,-2.95,13.75,-3.0,187d1b95d7372f5ab48ef62b88d26cd04cc3c7382a19ca8d2c2f6170d65d3450
thinking/Star_Wars_droid_thin_#1-1785906197363.mp3,-29.76,-20.14,-10.12,-2.90,9.89,-3.0,d58a6e7e6846c989494ce4f5e313cd2096b28ec6342419b2f7b1df17dada4e3e
thinking/Star_Wars_droid_thin_#2-1785906132890.mp3,-31.85,-20.01,-14.05,-3.07,11.85,-3.0,863d5698971a8df95dbeec64c3936022f5221fe0e3d2afa14627d5dd6243ed47
thinking/Star_Wars_droid_thin_#2-1785906208158.mp3,-24.17,-20.20,-4.38,-2.97,4.355,-3.0,08869d34300133138fe94765de2361ce1847a3da19eb3cb21fa05f594efdf6a1
thinking/Star_Wars_droid_thin_#3-1785906104960.mp3,-34.06,-20.24,-9.42,-2.97,15.15,-3.0,c7bf759a83530d95d6bfcc502e9b551f711d220913c80e560c1457c3d96663aa
thinking/Star_Wars_droid_thin_#4-1785906042520.mp3,-31.22,-20.08,-13.76,-2.99,11.22,-3.0,789b8d35480498a2dbd7872cedf53fb458b250f53e5d50c396e38b708e16b0b9
thinking/Star_Wars_droid_thin_#4-1785906070219.mp3,-31.22,-20.08,-13.76,-2.99,11.22,-3.0,789b8d35480498a2dbd7872cedf53fb458b250f53e5d50c396e38b708e16b0b9
thinking/Star_Wars_droid_thin_#4-1785906123113.mp3,-33.34,-20.22,-13.11,-2.95,13.34,-3.0,feeb70c7f026adea0b2822874f758872f828235d7677934169667b571b991554
